0,0.5897435897435898,0.68,0.42857142857142855,0.0,0.37394216680123205,0.7391304347826086,0.375,0.0,0.3713768115942029,0.6296296296296297,0.5,0,0.37654320987654327,"[68, 40, 0]","[24, 24, 0]","[0, 0, 0]"
4,0.6025641025641025,0.6804123711340206,0.47457627118644063,0.0,0.38673657265077194,0.717391304347826,0.4375,0.0,0.3849637681159421,0.6470588235294118,0.5185185185185185,0,0.38852578068264343,"[66, 36, 0]","[26, 28, 0]","[0, 0, 0]"
2,0.4551282051282051,0.5142857142857142,0.3795620437956204,0.0,0.2989514387905347,0.4891304347826087,0.40625,0.0,0.2984601449275362,0.5421686746987951,0.3561643835616438,0,0.29944435275347964,"[45, 38, 0]","[47, 26, 0]","[0, 0, 0]"
3,0.5576923076923077,0.6634146341463414,0.3551401869158879,0.0,0.3466013091185374,0.7391304347826086,0.296875,0.0,0.3453351449275362,0.6017699115044248,0.4418604651162791,0,0.34787679220690126,"[68, 45, 0]","[24, 19, 0]","[0, 0, 0]"
1,0.6025641025641025,0.69,0.44642857142857145,0.0,0.38336477987421386,0.75,0.390625,0.0,0.3802083333333333,0.6388888888888888,0.5208333333333334,0,0.3865740740740741,"[69, 39, 0]","[23, 25, 0]","[0, 0, 0]"
5,0.5641025641025641,0.6494845360824741,0.423728813559322,0.0,0.3593341795329976,0.6847826086956522,0.390625,0.0,0.3584692028985508,0.6176470588235294,0.46296296296296297,0,0.36020334059549747,"[63, 39, 0]","[29, 25, 0]","[0, 0, 0]"
6,0.5769230769230769,0.6489361702127658,0.46774193548387094,0.0,0.3724859160637931,0.6630434782608695,0.453125,0.0,0.37205615942028986,0.6354166666666666,0.48333333333333334,0,0.3729166666666666,"[61, 35, 0]","[31, 29, 0]","[0, 0, 0]"
9,0.5256410256410257,0.6145833333333333,0.3833333333333333,0.0,0.3335656054884116,0.6413043478260869,0.359375,0.0,0.3335597826086956,0.59,0.4107142857142857,0,0.3335714285714286,"[59, 41, 0]","[33, 23, 0]","[0, 0, 0]"
7,0.47435897435897434,0.5393258426966292,0.3880597014925374,0.0,0.30959264909553086,0.5217391304347826,0.40625,0.0,0.30932971014492755,0.5581395348837209,0.37142857142857144,0,0.3098560354374308,"[48, 38, 0]","[44, 26, 0]","[0, 0, 0]"
8,0.5512820512820513,0.6391752577319587,0.4067796610169491,0.0,0.3501992009421894,0.6739130434782609,0.375,0.0,0.34963768115942023,0.6078431372549019,0.4444444444444444,0,0.3507625272331154,"[62, 40, 0]","[30, 24, 0]","[0, 0, 0]"
datasize,156

ID,Accuracy,f_0,f_1,f_2,f_m,r_0,r_1,r_2,r_m,p_0,p_1,p_2,p_m,+1,0,-1
0,"{'criterion': 'gini', 'max_depth': 1, 'min_samples_split': 4, 'n_estimators': 40}","{'criterion': 'gini', 'max_depth': 3, 'min_samples_split': 4, 'n_estimators': 30}","{'criterion': 'gini', 'max_depth': 5, 'min_samples_split': 4, 'n_estimators': 20}","{'criterion': 'gini', 'max_depth': 1, 'min_samples_split': 4, 'n_estimators': 40}","{'criterion': 'entropy', 'max_depth': 6, 'min_samples_split': 4, 'n_estimators': 10}","{'criterion': 'entropy', 'max_depth': 1, 'min_samples_split': 4, 'n_estimators': 40}","{'criterion': 'gini', 'max_depth': 5, 'min_samples_split': 4, 'n_estimators': 10}","{'criterion': 'entropy', 'max_depth': 1, 'min_samples_split': 4, 'n_estimators': 40}","{'criterion': 'entropy', 'max_depth': 1, 'min_samples_split': 4, 'n_estimators': 40}","{'criterion': 'entropy', 'max_depth': 1, 'min_samples_split': 4, 'n_estimators': 40}","{'criterion': 'gini', 'max_depth': 2, 'min_samples_split': 4, 'n_estimators': 20}","{'criterion': 'gini', 'max_depth': 1, 'min_samples_split': 4, 'n_estimators': 40}","{'criterion': 'gini', 'max_depth': 1, 'min_samples_split': 4, 'n_estimators': 40}","{'criterion': 'gini', 'max_depth': 2, 'min_samples_split': 4, 'n_estimators': 30}","{'criterion': 'gini', 'max_depth': 1, 'min_samples_split': 4, 'n_estimators': 40}","{'criterion': 'entropy', 'max_depth': 9, 'min_samples_split': 4, 'n_estimators': 20}","{'criterion': 'gini', 'max_depth': 1, 'min_samples_split': 4, 'n_estimators': 10}","{'criterion': 'gini', 'max_depth': 9, 'min_samples_split': 4, 'n_estimators': 20}","{'criterion': 'gini', 'max_depth': 1, 'min_samples_split': 4, 'n_estimators': 40}","{'criterion': 'entropy', 'max_depth': 1, 'min_samples_split': 4, 'n_estimators': 40}","{'criterion': 'gini', 'max_depth': 1, 'min_samples_split': 4, 'n_estimators': 40}","{'criterion': 'entropy', 'max_depth': 1, 'min_samples_split': 4, 'n_estimators': 40}","{'criterion': 'gini', 'max_depth': 4, 'min_samples_split': 4, 'n_estimators': 20}","{'criterion': 'entropy', 'max_depth': 1, 'min_samples_split': 4, 'n_estimators': 40}","{'criterion': 'gini', 'max_depth': 2, 'min_samples_split': 4, 'n_estimators': 40}","{'criterion': 'gini', 'max_depth': 2, 'min_samples_split': 4, 'n_estimators': 40}","{'criterion': 'entropy', 'max_depth': 7, 'min_samples_split': 4, 'n_estimators': 10}","{'criterion': 'entropy', 'max_depth': 1, 'min_samples_split': 4, 'n_estimators': 40}","{'criterion': 'gini', 'max_depth': 1, 'min_samples_split': 4, 'n_estimators': 30}","{'criterion': 'gini', 'max_depth': 3, 'min_samples_split': 4, 'n_estimators': 30}","{'criterion': 'gini', 'max_depth': 1, 'min_samples_split': 4, 'n_estimators': 40}","{'criterion': 'entropy', 'max_depth': 1, 'min_samples_split': 4, 'n_estimators': 40}","{'criterion': 'entropy', 'max_depth': 1, 'min_samples_split': 4, 'n_estimators': 10}","{'criterion': 'entropy', 'max_depth': 1, 'min_samples_split': 4, 'n_estimators': 20}","{'criterion': 'entropy', 'max_depth': 9, 'min_samples_split': 4, 'n_estimators': 10}","{'criterion': 'entropy', 'max_depth': 4, 'min_samples_split': 4, 'n_estimators': 10}","{'criterion': 'gini', 'max_depth': 1, 'min_samples_split': 4, 'n_estimators': 40}","{'criterion': 'entropy', 'max_depth': 1, 'min_samples_split': 4, 'n_estimators': 40}","{'criterion': 'gini', 'max_depth': 3, 'min_samples_split': 4, 'n_estimators': 10}"
4,"{'criterion': 'entropy', 'max_depth': 2, 'min_samples_split': 4, 'n_estimators': 10}","{'criterion': 'entropy', 'max_depth': 2, 'min_samples_split': 4, 'n_estimators': 10}","{'criterion': 'gini', 'max_depth': 1, 'min_samples_split': 4, 'n_estimators': 20}","{'criterion': 'gini', 'max_depth': 5, 'min_samples_split': 4, 'n_estimators': 10}","{'criterion': 'entropy', 'max_depth': 1, 'min_samples_split': 4, 'n_estimators': 10}","{'criterion': 'entropy', 'max_depth': 1, 'min_samples_split': 4, 'n_estimators': 10}","{'criterion': 'gini', 'max_depth': 1, 'min_samples_split': 4, 'n_estimators': 30}","{'criterion': 'gini', 'max_depth': 1, 'min_samples_split': 4, 'n_estimators': 10}","{'criterion': 'entropy', 'max_depth': 1, 'min_samples_split': 4, 'n_estimators': 40}","{'criterion': 'gini', 'max_depth': 1, 'min_samples_split': 4, 'n_estimators': 40}","{'criterion': 'gini', 'max_depth': 1, 'min_samples_split': 4, 'n_estimators': 20}","{'criterion': 'entropy', 'max_depth': 1, 'min_samples_split': 4, 'n_estimators': 30}","{'criterion': 'entropy', 'max_depth': 1, 'min_samples_split': 4, 'n_estimators': 40}","{'criterion': 'entropy', 'max_depth': 2, 'min_samples_split': 4, 'n_estimators': 10}","{'criterion': 'entropy', 'max_depth': 1, 'min_samples_split': 4, 'n_estimators': 40}","{'criterion': 'entropy', 'max_depth': 1, 'min_samples_split': 4, 'n_estimators': 10}","{'criterion': 'entropy', 'max_depth': 1, 'min_samples_split': 4, 'n_estimators': 10}","{'criterion': 'entropy', 'max_depth': 1, 'min_samples_split': 4, 'n_estimators': 10}","{'criterion': 'entropy', 'max_depth': 1, 'min_samples_split': 4, 'n_estimators': 10}","{'criterion': 'entropy', 'max_depth': 1, 'min_samples_split': 4, 'n_estimators': 10}","{'criterion': 'gini', 'max_depth': 1, 'min_samples_split': 4, 'n_estimators': 30}","{'criterion': 'entropy', 'max_depth': 1, 'min_samples_split': 4, 'n_estimators': 10}","{'criterion': 'gini', 'max_depth': 1, 'min_samples_split': 4, 'n_estimators': 30}","{'criterion': 'gini', 'max_depth': 1, 'min_samples_split': 4, 'n_estimators': 10}","{'criterion': 'entropy', 'max_depth': 1, 'min_samples_split': 4, 'n_estimators': 10}","{'criterion': 'entropy', 'max_depth': 1, 'min_samples_split': 4, 'n_estimators': 10}","{'criterion': 'entropy', 'max_depth': 1, 'min_samples_split': 4, 'n_estimators': 20}","{'criterion': 'entropy', 'max_depth': 1, 'min_samples_split': 4, 'n_estimators': 20}","{'criterion': 'entropy', 'max_depth': 1, 'min_samples_split': 4, 'n_estimators': 10}","{'criterion': 'entropy', 'max_depth': 1, 'min_samples_split': 4, 'n_estimators': 10}","{'criterion': 'entropy', 'max_depth': 1, 'min_samples_split': 4, 'n_estimators': 10}","{'criterion': 'gini', 'max_depth': 1, 'min_samples_split': 4, 'n_estimators': 10}","{'criterion': 'entropy', 'max_depth': 1, 'min_samples_split': 4, 'n_estimators': 10}","{'criterion': 'gini', 'max_depth': 1, 'min_samples_split': 4, 'n_estimators': 20}","{'criterion': 'entropy', 'max_depth': 1, 'min_samples_split': 4, 'n_estimators': 10}","{'criterion': 'entropy', 'max_depth': 1, 'min_samples_split': 4, 'n_estimators': 10}","{'criterion': 'gini', 'max_depth': 1, 'min_samples_split': 4, 'n_estimators': 20}","{'criterion': 'gini', 'max_depth': 1, 'min_samples_split': 4, 'n_estimators': 20}","{'criterion': 'entropy', 'max_depth': 1, 'min_samples_split': 4, 'n_estimators': 10}"
2,"{'criterion': 'gini', 'max_depth': 1, 'min_samples_split': 4, 'n_estimators': 10}","{'criterion': 'entropy', 'max_depth': 5, 'min_samples_split': 4, 'n_estimators': 20}","{'criterion': 'entropy', 'max_depth': 1, 'min_samples_split': 4, 'n_estimators': 10}","{'criterion': 'entropy', 'max_depth': 2, 'min_samples_split': 4, 'n_estimators': 10}","{'criterion': 'entropy', 'max_depth': 8, 'min_samples_split': 4, 'n_estimators': 10}","{'criterion': 'entropy', 'max_depth': 1, 'min_samples_split': 4, 'n_estimators': 10}","{'criterion': 'entropy', 'max_depth': 1, 'min_samples_split': 4, 'n_estimators': 10}","{'criterion': 'entropy', 'max_depth': 1, 'min_samples_split': 4, 'n_estimators': 20}","{'criterion': 'entropy', 'max_depth': 1, 'min_samples_split': 4, 'n_estimators': 40}","{'criterion': 'gini', 'max_depth': 1, 'min_samples_split': 4, 'n_estimators': 10}","{'criterion': 'gini', 'max_depth': 1, 'min_samples_split': 4, 'n_estimators': 10}","{'criterion': 'gini', 'max_depth': 1, 'min_samples_split': 4, 'n_estimators': 10}","{'criterion': 'gini', 'max_depth': 2, 'min_samples_split': 4, 'n_estimators': 10}","{'criterion': 'gini', 'max_depth': 2, 'min_samples_split': 4, 'n_estimators': 10}","{'criterion': 'gini', 'max_depth': 2, 'min_samples_split': 4, 'n_estimators': 10}","{'criterion': 'gini', 'max_depth': 5, 'min_samples_split': 4, 'n_estimators': 10}","{'criterion': 'gini', 'max_depth': 2, 'min_samples_split': 4, 'n_estimators': 10}","{'criterion': 'entropy', 'max_depth': 1, 'min_samples_split': 4, 'n_estimators': 30}","{'criterion': 'gini', 'max_depth': 2, 'min_samples_split': 4, 'n_estimators': 10}","{'criterion': 'gini', 'max_depth': 1, 'min_samples_split': 4, 'n_estimators': 10}","{'criterion': 'entropy', 'max_depth': 1, 'min_samples_split': 4, 'n_estimators': 10}","{'criterion': 'gini', 'max_depth': 2, 'min_samples_split': 4, 'n_estimators': 10}","{'criterion': 'entropy', 'max_depth': 1, 'min_samples_split': 4, 'n_estimators': 30}","{'criterion': 'gini', 'max_depth': 2, 'min_samples_split': 4, 'n_estimators': 10}","{'criterion': 'entropy', 'max_depth': 1, 'min_samples_split': 4, 'n_estimators': 10}","{'criterion': 'gini', 'max_depth': 4, 'min_samples_split': 4, 'n_estimators': 10}","{'criterion': 'entropy', 'max_depth': 1, 'min_samples_split': 4, 'n_estimators': 20}","{'criterion': 'entropy', 'max_depth': 4, 'min_samples_split': 4, 'n_estimators': 10}","{'criterion': 'gini', 'max_depth': 5, 'min_samples_split': 4, 'n_estimators': 20}","{'criterion': 'entropy', 'max_depth': 2, 'min_samples_split': 4, 'n_estimators': 40}","{'criterion': 'entropy', 'max_depth': 2, 'min_samples_split': 4, 'n_estimators': 40}","{'criterion': 'entropy', 'max_depth': 1, 'min_samples_split': 4, 'n_estimators': 10}","{'criterion': 'entropy', 'max_depth': 1, 'min_samples_split': 4, 'n_estimators': 20}","{'criterion': 'gini', 'max_depth': 1, 'min_samples_split': 4, 'n_estimators': 20}","{'criterion': 'entropy', 'max_depth': 1, 'min_samples_split': 4, 'n_estimators': 40}","{'criterion': 'entropy', 'max_depth': 3, 'min_samples_split': 4, 'n_estimators': 30}","{'criterion': 'entropy', 'max_depth': 4, 'min_samples_split': 4, 'n_estimators': 10}","{'criterion': 'entropy', 'max_depth': 2, 'min_samples_split': 4, 'n_estimators': 30}","{'criterion': 'entropy', 'max_depth': 1, 'min_samples_split': 4, 'n_estimators': 40}"
3,"{'criterion': 'gini', 'max_depth': 1, 'min_samples_split': 4, 'n_estimators': 20}","{'criterion': 'entropy', 'max_depth': 1, 'min_samples_split': 4, 'n_estimators': 40}","{'criterion': 'entropy', 'max_depth': 1, 'min_samples_split': 4, 'n_estimators': 10}","{'criterion': 'gini', 'max_depth': 1, 'min_samples_split': 4, 'n_estimators': 40}","{'criterion': 'entropy', 'max_depth': 8, 'min_samples_split': 4, 'n_estimators': 30}","{'criterion': 'entropy', 'max_depth': 7, 'min_samples_split': 4, 'n_estimators': 30}","{'criterion': 'entropy', 'max_depth': 4, 'min_samples_split': 4, 'n_estimators': 20}","{'criterion': 'entropy', 'max_depth': 3, 'min_samples_split': 4, 'n_estimators': 10}","{'criterion': 'gini', 'max_depth': 2, 'min_samples_split': 4, 'n_estimators': 10}","{'criterion': 'entropy', 'max_depth': 4, 'min_samples_split': 4, 'n_estimators': 10}","{'criterion': 'entropy', 'max_depth': 1, 'min_samples_split': 4, 'n_estimators': 20}","{'criterion': 'gini', 'max_depth': 2, 'min_samples_split': 4, 'n_estimators': 30}","{'criterion': 'gini', 'max_depth': 2, 'min_samples_split': 4, 'n_estimators': 20}","{'criterion': 'entropy', 'max_depth': 3, 'min_samples_split': 4, 'n_estimators': 20}","{'criterion': 'entropy', 'max_depth': 1, 'min_samples_split': 4, 'n_estimators': 10}","{'criterion': 'entropy', 'max_depth': 3, 'min_samples_split': 4, 'n_estimators': 30}","{'criterion': 'entropy', 'max_depth': 1, 'min_samples_split': 4, 'n_estimators': 10}","{'criterion': 'gini', 'max_depth': 4, 'min_samples_split': 4, 'n_estimators': 20}","{'criterion': 'entropy', 'max_depth': 3, 'min_samples_split': 4, 'n_estimators': 40}","{'criterion': 'gini', 'max_depth': 8, 'min_samples_split': 4, 'n_estimators': 40}","{'criterion': 'gini', 'max_depth': 4, 'min_samples_split': 4, 'n_estimators': 10}","{'criterion': 'entropy', 'max_depth': 2, 'min_samples_split': 4, 'n_estimators': 40}","{'criterion': 'gini', 'max_depth': 1, 'min_samples_split': 4, 'n_estimators': 30}","{'criterion': 'entropy', 'max_depth': 2, 'min_samples_split': 4, 'n_estimators': 10}","{'criterion': 'entropy', 'max_depth': 1, 'min_samples_split': 4, 'n_estimators': 40}","{'criterion': 'entropy', 'max_depth': 1, 'min_samples_split': 4, 'n_estimators': 40}","{'criterion': 'gini', 'max_depth': 2, 'min_samples_split': 4, 'n_estimators': 40}","{'criterion': 'entropy', 'max_depth': 1, 'min_samples_split': 4, 'n_estimators': 30}","{'criterion': 'entropy', 'max_depth': 2, 'min_samples_split': 4, 'n_estimators': 20}","{'criterion': 'entropy', 'max_depth': 3, 'min_samples_split': 4, 'n_estimators': 20}","{'criterion': 'entropy', 'max_depth': 1, 'min_samples_split': 4, 'n_estimators': 20}","{'criterion': 'entropy', 'max_depth': 1, 'min_samples_split': 4, 'n_estimators': 10}","{'criterion': 'entropy', 'max_depth': 3, 'min_samples_split': 4, 'n_estimators': 40}","{'criterion': 'gini', 'max_depth': 4, 'min_samples_split': 4, 'n_estimators': 20}","{'criterion': 'entropy', 'max_depth': 1, 'min_samples_split': 4, 'n_estimators': 10}","{'criterion': 'entropy', 'max_depth': 1, 'min_samples_split': 4, 'n_estimators': 10}","{'criterion': 'entropy', 'max_depth': 1, 'min_samples_split': 4, 'n_estimators': 10}","{'criterion': 'entropy', 'max_depth': 1, 'min_samples_split': 4, 'n_estimators': 20}","{'criterion': 'entropy', 'max_depth': 6, 'min_samples_split': 4, 'n_estimators': 10}"
1,"{'criterion': 'gini', 'max_depth': 1, 'min_samples_split': 4, 'n_estimators': 10}","{'criterion': 'entropy', 'max_depth': 1, 'min_samples_split': 4, 'n_estimators': 10}","{'criterion': 'entropy', 'max_depth': 1, 'min_samples_split': 4, 'n_estimators': 10}","{'criterion': 'entropy', 'max_depth': 1, 'min_samples_split': 4, 'n_estimators': 10}","{'criterion': 'entropy', 'max_depth': 5, 'min_samples_split': 4, 'n_estimators': 10}","{'criterion': 'gini', 'max_depth': 1, 'min_samples_split': 4, 'n_estimators': 10}","{'criterion': 'entropy', 'max_depth': 5, 'min_samples_split': 4, 'n_estimators': 20}","{'criterion': 'gini', 'max_depth': 1, 'min_samples_split': 4, 'n_estimators': 10}","{'criterion': 'entropy', 'max_depth': 1, 'min_samples_split': 4, 'n_estimators': 10}","{'criterion': 'entropy', 'max_depth': 1, 'min_samples_split': 4, 'n_estimators': 10}","{'criterion': 'entropy', 'max_depth': 1, 'min_samples_split': 4, 'n_estimators': 10}","{'criterion': 'gini', 'max_depth': 5, 'min_samples_split': 4, 'n_estimators': 10}","{'criterion': 'gini', 'max_depth': 9, 'min_samples_split': 4, 'n_estimators': 10}","{'criterion': 'entropy', 'max_depth': 1, 'min_samples_split': 4, 'n_estimators': 10}","{'criterion': 'gini', 'max_depth': 5, 'min_samples_split': 4, 'n_estimators': 20}","{'criterion': 'gini', 'max_depth': 8, 'min_samples_split': 4, 'n_estimators': 10}","{'criterion': 'gini', 'max_depth': 2, 'min_samples_split': 4, 'n_estimators': 20}","{'criterion': 'entropy', 'max_depth': 4, 'min_samples_split': 4, 'n_estimators': 10}","{'criterion': 'gini', 'max_depth': 1, 'min_samples_split': 4, 'n_estimators': 10}","{'criterion': 'entropy', 'max_depth': 3, 'min_samples_split': 4, 'n_estimators': 20}","{'criterion': 'gini', 'max_depth': 4, 'min_samples_split': 4, 'n_estimators': 10}","{'criterion': 'entropy', 'max_depth': 3, 'min_samples_split': 4, 'n_estimators': 10}","{'criterion': 'entropy', 'max_depth': 6, 'min_samples_split': 4, 'n_estimators': 20}","{'criterion': 'entropy', 'max_depth': 1, 'min_samples_split': 4, 'n_estimators': 40}","{'criterion': 'gini', 'max_depth': 5, 'min_samples_split': 4, 'n_estimators': 20}","{'criterion': 'entropy', 'max_depth': 1, 'min_samples_split': 4, 'n_estimators': 40}","{'criterion': 'gini', 'max_depth': 9, 'min_samples_split': 4, 'n_estimators': 10}","{'criterion': 'entropy', 'max_depth': 1, 'min_samples_split': 4, 'n_estimators': 30}","{'criterion': 'entropy', 'max_depth': 3, 'min_samples_split': 4, 'n_estimators': 30}","{'criterion': 'gini', 'max_depth': 1, 'min_samples_split': 4, 'n_estimators': 30}","{'criterion': 'entropy', 'max_depth': 8, 'min_samples_split': 4, 'n_estimators': 10}","{'criterion': 'gini', 'max_depth': 3, 'min_samples_split': 4, 'n_estimators': 10}","{'criterion': 'gini', 'max_depth': 1, 'min_samples_split': 4, 'n_estimators': 30}","{'criterion': 'entropy', 'max_depth': 3, 'min_samples_split': 4, 'n_estimators': 30}","{'criterion': 'entropy', 'max_depth': 1, 'min_samples_split': 4, 'n_estimators': 30}","{'criterion': 'gini', 'max_depth': 1, 'min_samples_split': 4, 'n_estimators': 30}","{'criterion': 'gini', 'max_depth': 3, 'min_samples_split': 4, 'n_estimators': 30}","{'criterion': 'gini', 'max_depth': 1, 'min_samples_split': 4, 'n_estimators': 30}","{'criterion': 'gini', 'max_depth': 2, 'min_samples_split': 4, 'n_estimators': 30}"
5,"{'criterion': 'entropy', 'max_depth': 2, 'min_samples_split': 4, 'n_estimators': 10}","{'criterion': 'entropy', 'max_depth': 3, 'min_samples_split': 4, 'n_estimators': 10}","{'criterion': 'entropy', 'max_depth': 3, 'min_samples_split': 4, 'n_estimators': 10}","{'criterion': 'gini', 'max_depth': 3, 'min_samples_split': 4, 'n_estimators': 10}","{'criterion': 'entropy', 'max_depth': 3, 'min_samples_split': 4, 'n_estimators': 10}","{'criterion': 'gini', 'max_depth': 6, 'min_samples_split': 4, 'n_estimators': 10}","{'criterion': 'gini', 'max_depth': 1, 'min_samples_split': 4, 'n_estimators': 20}","{'criterion': 'entropy', 'max_depth': 3, 'min_samples_split': 4, 'n_estimators': 30}","{'criterion': 'gini', 'max_depth': 5, 'min_samples_split': 4, 'n_estimators': 10}","{'criterion': 'entropy', 'max_depth': 1, 'min_samples_split': 4, 'n_estimators': 10}","{'criterion': 'gini', 'max_depth': 1, 'min_samples_split': 4, 'n_estimators': 10}","{'criterion': 'entropy', 'max_depth': 1, 'min_samples_split': 4, 'n_estimators': 10}","{'criterion': 'gini', 'max_depth': 9, 'min_samples_split': 4, 'n_estimators': 20}","{'criterion': 'entropy', 'max_depth': 1, 'min_samples_split': 4, 'n_estimators': 10}","{'criterion': 'entropy', 'max_depth': 1, 'min_samples_split': 4, 'n_estimators': 30}","{'criterion': 'entropy', 'max_depth': 1, 'min_samples_split': 4, 'n_estimators': 20}","{'criterion': 'gini', 'max_depth': 2, 'min_samples_split': 4, 'n_estimators': 10}","{'criterion': 'gini', 'max_depth': 1, 'min_samples_split': 4, 'n_estimators': 30}","{'criterion': 'entropy', 'max_depth': 1, 'min_samples_split': 4, 'n_estimators': 20}","{'criterion': 'gini', 'max_depth': 5, 'min_samples_split': 4, 'n_estimators': 10}","{'criterion': 'entropy', 'max_depth': 3, 'min_samples_split': 4, 'n_estimators': 30}","{'criterion': 'entropy', 'max_depth': 1, 'min_samples_split': 4, 'n_estimators': 30}","{'criterion': 'entropy', 'max_depth': 1, 'min_samples_split': 4, 'n_estimators': 30}","{'criterion': 'entropy', 'max_depth': 1, 'min_samples_split': 4, 'n_estimators': 20}","{'criterion': 'gini', 'max_depth': 1, 'min_samples_split': 4, 'n_estimators': 30}","{'criterion': 'gini', 'max_depth': 1, 'min_samples_split': 4, 'n_estimators': 10}","{'criterion': 'gini', 'max_depth': 3, 'min_samples_split': 4, 'n_estimators': 10}","{'criterion': 'gini', 'max_depth': 1, 'min_samples_split': 4, 'n_estimators': 10}","{'criterion': 'entropy', 'max_depth': 1, 'min_samples_split': 4, 'n_estimators': 20}","{'criterion': 'entropy', 'max_depth': 1, 'min_samples_split': 4, 'n_estimators': 20}","{'criterion': 'entropy', 'max_depth': 3, 'min_samples_split': 4, 'n_estimators': 20}","{'criterion': 'gini', 'max_depth': 1, 'min_samples_split': 4, 'n_estimators': 30}","{'criterion': 'gini', 'max_depth': 4, 'min_samples_split': 4, 'n_estimators': 40}","{'criterion': 'entropy', 'max_depth': 4, 'min_samples_split': 4, 'n_estimators': 40}","{'criterion': 'gini', 'max_depth': 1, 'min_samples_split': 4, 'n_estimators': 20}","{'criterion': 'entropy', 'max_depth': 4, 'min_samples_split': 4, 'n_estimators': 10}","{'criterion': 'gini', 'max_depth': 1, 'min_samples_split': 4, 'n_estimators': 40}","{'criterion': 'gini', 'max_depth': 1, 'min_samples_split': 4, 'n_estimators': 40}","{'criterion': 'gini', 'max_depth': 6, 'min_samples_split': 4, 'n_estimators': 20}"
6,"{'criterion': 'gini', 'max_depth': 2, 'min_samples_split': 4, 'n_estimators': 40}","{'criterion': 'gini', 'max_depth': 2, 'min_samples_split': 4, 'n_estimators': 30}","{'criterion': 'gini', 'max_depth': 2, 'min_samples_split': 4, 'n_estimators': 20}","{'criterion': 'entropy', 'max_depth': 1, 'min_samples_split': 4, 'n_estimators': 30}","{'criterion': 'gini', 'max_depth': 1, 'min_samples_split': 4, 'n_estimators': 30}","{'criterion': 'entropy', 'max_depth': 1, 'min_samples_split': 4, 'n_estimators': 30}","{'criterion': 'entropy', 'max_depth': 1, 'min_samples_split': 4, 'n_estimators': 30}","{'criterion': 'entropy', 'max_depth': 1, 'min_samples_split': 4, 'n_estimators': 30}","{'criterion': 'gini', 'max_depth': 3, 'min_samples_split': 4, 'n_estimators': 10}","{'criterion': 'gini', 'max_depth': 4, 'min_samples_split': 4, 'n_estimators': 20}","{'criterion': 'gini', 'max_depth': 3, 'min_samples_split': 4, 'n_estimators': 10}","{'criterion': 'entropy', 'max_depth': 1, 'min_samples_split': 4, 'n_estimators': 20}","{'criterion': 'gini', 'max_depth': 1, 'min_samples_split': 4, 'n_estimators': 20}","{'criterion': 'entropy', 'max_depth': 1, 'min_samples_split': 4, 'n_estimators': 20}","{'criterion': 'gini', 'max_depth': 2, 'min_samples_split': 4, 'n_estimators': 30}","{'criterion': 'gini', 'max_depth': 1, 'min_samples_split': 4, 'n_estimators': 10}","{'criterion': 'entropy', 'max_depth': 1, 'min_samples_split': 4, 'n_estimators': 20}","{'criterion': 'entropy', 'max_depth': 2, 'min_samples_split': 4, 'n_estimators': 30}","{'criterion': 'entropy', 'max_depth': 3, 'min_samples_split': 4, 'n_estimators': 40}","{'criterion': 'entropy', 'max_depth': 1, 'min_samples_split': 4, 'n_estimators': 30}","{'criterion': 'gini', 'max_depth': 1, 'min_samples_split': 4, 'n_estimators': 20}","{'criterion': 'gini', 'max_depth': 2, 'min_samples_split': 4, 'n_estimators': 20}","{'criterion': 'gini', 'max_depth': 1, 'min_samples_split': 4, 'n_estimators': 10}","{'criterion': 'gini', 'max_depth': 1, 'min_samples_split': 4, 'n_estimators': 20}","{'criterion': 'gini', 'max_depth': 2, 'min_samples_split': 4, 'n_estimators': 40}","{'criterion': 'entropy', 'max_depth': 2, 'min_samples_split': 4, 'n_estimators': 40}","{'criterion': 'entropy', 'max_depth': 1, 'min_samples_split': 4, 'n_estimators': 10}","{'criterion': 'entropy', 'max_depth': 1, 'min_samples_split': 4, 'n_estimators': 30}","{'criterion': 'gini', 'max_depth': 1, 'min_samples_split': 4, 'n_estimators': 20}","{'criterion': 'gini', 'max_depth': 2, 'min_samples_split': 4, 'n_estimators': 20}","{'criterion': 'gini', 'max_depth': 5, 'min_samples_split': 4, 'n_estimators': 30}","{'criterion': 'entropy', 'max_depth': 1, 'min_samples_split': 4, 'n_estimators': 30}","{'criterion': 'gini', 'max_depth': 2, 'min_samples_split': 4, 'n_estimators': 30}","{'criterion': 'entropy', 'max_depth': 1, 'min_samples_split': 4, 'n_estimators': 40}","{'criterion': 'gini', 'max_depth': 1, 'min_samples_split': 4, 'n_estimators': 20}","{'criterion': 'gini', 'max_depth': 2, 'min_samples_split': 4, 'n_estimators': 10}","{'criterion': 'gini', 'max_depth': 2, 'min_samples_split': 4, 'n_estimators': 30}","{'criterion': 'gini', 'max_depth': 1, 'min_samples_split': 4, 'n_estimators': 30}","{'criterion': 'entropy', 'max_depth': 4, 'min_samples_split': 4, 'n_estimators': 20}"
9,"{'criterion': 'entropy', 'max_depth': 1, 'min_samples_split': 4, 'n_estimators': 10}","{'criterion': 'entropy', 'max_depth': 5, 'min_samples_split': 4, 'n_estimators': 30}","{'criterion': 'gini', 'max_depth': 4, 'min_samples_split': 4, 'n_estimators': 10}","{'criterion': 'entropy', 'max_depth': 6, 'min_samples_split': 4, 'n_estimators': 30}","{'criterion': 'entropy', 'max_depth': 1, 'min_samples_split': 4, 'n_estimators': 40}","{'criterion': 'entropy', 'max_depth': 3, 'min_samples_split': 4, 'n_estimators': 10}","{'criterion': 'gini', 'max_depth': 2, 'min_samples_split': 4, 'n_estimators': 10}","{'criterion': 'entropy', 'max_depth': 3, 'min_samples_split': 4, 'n_estimators': 10}","{'criterion': 'gini', 'max_depth': 1, 'min_samples_split': 4, 'n_estimators': 20}","{'criterion': 'entropy', 'max_depth': 1, 'min_samples_split': 4, 'n_estimators': 40}","{'criterion': 'entropy', 'max_depth': 6, 'min_samples_split': 4, 'n_estimators': 10}","{'criterion': 'entropy', 'max_depth': 2, 'min_samples_split': 4, 'n_estimators': 10}","{'criterion': 'entropy', 'max_depth': 7, 'min_samples_split': 4, 'n_estimators': 10}","{'criterion': 'entropy', 'max_depth': 2, 'min_samples_split': 4, 'n_estimators': 10}","{'criterion': 'gini', 'max_depth': 6, 'min_samples_split': 4, 'n_estimators': 10}","{'criterion': 'entropy', 'max_depth': 5, 'min_samples_split': 4, 'n_estimators': 20}","{'criterion': 'entropy', 'max_depth': 1, 'min_samples_split': 4, 'n_estimators': 10}","{'criterion': 'entropy', 'max_depth': 1, 'min_samples_split': 4, 'n_estimators': 10}","{'criterion': 'entropy', 'max_depth': 1, 'min_samples_split': 4, 'n_estimators': 40}","{'criterion': 'gini', 'max_depth': 3, 'min_samples_split': 4, 'n_estimators': 10}","{'criterion': 'entropy', 'max_depth': 1, 'min_samples_split': 4, 'n_estimators': 10}","{'criterion': 'gini', 'max_depth': 8, 'min_samples_split': 4, 'n_estimators': 10}","{'criterion': 'entropy', 'max_depth': 1, 'min_samples_split': 4, 'n_estimators': 40}","{'criterion': 'gini', 'max_depth': 3, 'min_samples_split': 4, 'n_estimators': 20}","{'criterion': 'gini', 'max_depth': 2, 'min_samples_split': 4, 'n_estimators': 20}","{'criterion': 'gini', 'max_depth': 1, 'min_samples_split': 4, 'n_estimators': 40}","{'criterion': 'gini', 'max_depth': 1, 'min_samples_split': 4, 'n_estimators': 20}","{'criterion': 'gini', 'max_depth': 1, 'min_samples_split': 4, 'n_estimators': 20}","{'criterion': 'entropy', 'max_depth': 1, 'min_samples_split': 4, 'n_estimators': 20}","{'criterion': 'entropy', 'max_depth': 1, 'min_samples_split': 4, 'n_estimators': 10}","{'criterion': 'entropy', 'max_depth': 1, 'min_samples_split': 4, 'n_estimators': 20}","{'criterion': 'entropy', 'max_depth': 1, 'min_samples_split': 4, 'n_estimators': 40}","{'criterion': 'gini', 'max_depth': 2, 'min_samples_split': 4, 'n_estimators': 20}","{'criterion': 'gini', 'max_depth': 1, 'min_samples_split': 4, 'n_estimators': 10}","{'criterion': 'entropy', 'max_depth': 1, 'min_samples_split': 4, 'n_estimators': 20}","{'criterion': 'gini', 'max_depth': 1, 'min_samples_split': 4, 'n_estimators': 10}","{'criterion': 'entropy', 'max_depth': 4, 'min_samples_split': 4, 'n_estimators': 10}","{'criterion': 'entropy', 'max_depth': 1, 'min_samples_split': 4, 'n_estimators': 20}","{'criterion': 'entropy', 'max_depth': 1, 'min_samples_split': 4, 'n_estimators': 20}"
7,"{'criterion': 'gini', 'max_depth': 1, 'min_samples_split': 4, 'n_estimators': 30}","{'criterion': 'gini', 'max_depth': 1, 'min_samples_split': 4, 'n_estimators': 30}","{'criterion': 'entropy', 'max_depth': 1, 'min_samples_split': 4, 'n_estimators': 30}","{'criterion': 'entropy', 'max_depth': 1, 'min_samples_split': 4, 'n_estimators': 30}","{'criterion': 'gini', 'max_depth': 2, 'min_samples_split': 4, 'n_estimators': 20}","{'criterion': 'entropy', 'max_depth': 1, 'min_samples_split': 4, 'n_estimators': 30}","{'criterion': 'gini', 'max_depth': 1, 'min_samples_split': 4, 'n_estimators': 20}","{'criterion': 'gini', 'max_depth': 1, 'min_samples_split': 4, 'n_estimators': 30}","{'criterion': 'gini', 'max_depth': 1, 'min_samples_split': 4, 'n_estimators': 30}","{'criterion': 'gini', 'max_depth': 1, 'min_samples_split': 4, 'n_estimators': 30}","{'criterion': 'gini', 'max_depth': 1, 'min_samples_split': 4, 'n_estimators': 30}","{'criterion': 'entropy', 'max_depth': 2, 'min_samples_split': 4, 'n_estimators': 30}","{'criterion': 'gini', 'max_depth': 1, 'min_samples_split': 4, 'n_estimators': 30}","{'criterion': 'gini', 'max_depth': 1, 'min_samples_split': 4, 'n_estimators': 40}","{'criterion': 'gini', 'max_depth': 1, 'min_samples_split': 4, 'n_estimators': 40}","{'criterion': 'entropy', 'max_depth': 1, 'min_samples_split': 4, 'n_estimators': 20}","{'criterion': 'gini', 'max_depth': 1, 'min_samples_split': 4, 'n_estimators': 30}","{'criterion': 'entropy', 'max_depth': 1, 'min_samples_split': 4, 'n_estimators': 10}","{'criterion': 'gini', 'max_depth': 1, 'min_samples_split': 4, 'n_estimators': 30}","{'criterion': 'entropy', 'max_depth': 1, 'min_samples_split': 4, 'n_estimators': 40}","{'criterion': 'gini', 'max_depth': 1, 'min_samples_split': 4, 'n_estimators': 40}","{'criterion': 'gini', 'max_depth': 1, 'min_samples_split': 4, 'n_estimators': 20}","{'criterion': 'entropy', 'max_depth': 1, 'min_samples_split': 4, 'n_estimators': 20}","{'criterion': 'entropy', 'max_depth': 1, 'min_samples_split': 4, 'n_estimators': 30}","{'criterion': 'gini', 'max_depth': 2, 'min_samples_split': 4, 'n_estimators': 30}","{'criterion': 'entropy', 'max_depth': 1, 'min_samples_split': 4, 'n_estimators': 30}","{'criterion': 'gini', 'max_depth': 1, 'min_samples_split': 4, 'n_estimators': 20}","{'criterion': 'gini', 'max_depth': 1, 'min_samples_split': 4, 'n_estimators': 20}","{'criterion': 'gini', 'max_depth': 1, 'min_samples_split': 4, 'n_estimators': 30}","{'criterion': 'entropy', 'max_depth': 2, 'min_samples_split': 4, 'n_estimators': 20}","{'criterion': 'entropy', 'max_depth': 1, 'min_samples_split': 4, 'n_estimators': 20}","{'criterion': 'gini', 'max_depth': 1, 'min_samples_split': 4, 'n_estimators': 20}","{'criterion': 'gini', 'max_depth': 1, 'min_samples_split': 4, 'n_estimators': 20}","{'criterion': 'entropy', 'max_depth': 2, 'min_samples_split': 4, 'n_estimators': 20}","{'criterion': 'gini', 'max_depth': 1, 'min_samples_split': 4, 'n_estimators': 20}","{'criterion': 'entropy', 'max_depth': 1, 'min_samples_split': 4, 'n_estimators': 20}","{'criterion': 'gini', 'max_depth': 2, 'min_samples_split': 4, 'n_estimators': 20}","{'criterion': 'gini', 'max_depth': 7, 'min_samples_split': 4, 'n_estimators': 20}","{'criterion': 'gini', 'max_depth': 7, 'min_samples_split': 4, 'n_estimators': 20}"
8,"{'criterion': 'entropy', 'max_depth': 6, 'min_samples_split': 4, 'n_estimators': 20}","{'criterion': 'entropy', 'max_depth': 2, 'min_samples_split': 4, 'n_estimators': 40}","{'criterion': 'entropy', 'max_depth': 6, 'min_samples_split': 4, 'n_estimators': 10}","{'criterion': 'gini', 'max_depth': 1, 'min_samples_split': 4, 'n_estimators': 20}","{'criterion': 'gini', 'max_depth': 1, 'min_samples_split': 4, 'n_estimators': 30}","{'criterion': 'entropy', 'max_depth': 1, 'min_samples_split': 4, 'n_estimators': 30}","{'criterion': 'gini', 'max_depth': 7, 'min_samples_split': 4, 'n_estimators': 10}","{'criterion': 'entropy', 'max_depth': 6, 'min_samples_split': 4, 'n_estimators': 10}","{'criterion': 'entropy', 'max_depth': 1, 'min_samples_split': 4, 'n_estimators': 30}","{'criterion': 'gini', 'max_depth': 3, 'min_samples_split': 4, 'n_estimators': 40}","{'criterion': 'gini', 'max_depth': 1, 'min_samples_split': 4, 'n_estimators': 30}","{'criterion': 'gini', 'max_depth': 4, 'min_samples_split': 4, 'n_estimators': 10}","{'criterion': 'entropy', 'max_depth': 1, 'min_samples_split': 4, 'n_estimators': 30}","{'criterion': 'gini', 'max_depth': 2, 'min_samples_split': 4, 'n_estimators': 30}","{'criterion': 'entropy', 'max_depth': 1, 'min_samples_split': 4, 'n_estimators': 30}","{'criterion': 'gini', 'max_depth': 5, 'min_samples_split': 4, 'n_estimators': 10}","{'criterion': 'entropy', 'max_depth': 7, 'min_samples_split': 4, 'n_estimators': 20}","{'criterion': 'entropy', 'max_depth': 3, 'min_samples_split': 4, 'n_estimators': 20}","{'criterion': 'entropy', 'max_depth': 6, 'min_samples_split': 4, 'n_estimators': 20}","{'criterion': 'gini', 'max_depth': 2, 'min_samples_split': 4, 'n_estimators': 30}","{'criterion': 'gini', 'max_depth': 2, 'min_samples_split': 4, 'n_estimators': 30}","{'criterion': 'entropy', 'max_depth': 4, 'min_samples_split': 4, 'n_estimators': 10}","{'criterion': 'gini', 'max_depth': 2, 'min_samples_split': 4, 'n_estimators': 20}","{'criterion': 'entropy', 'max_depth': 1, 'min_samples_split': 4, 'n_estimators': 20}","{'criterion': 'gini', 'max_depth': 1, 'min_samples_split': 4, 'n_estimators': 30}","{'criterion': 'gini', 'max_depth': 2, 'min_samples_split': 4, 'n_estimators': 30}","{'criterion': 'gini', 'max_depth': 2, 'min_samples_split': 4, 'n_estimators': 20}","{'criterion': 'gini', 'max_depth': 1, 'min_samples_split': 4, 'n_estimators': 30}","{'criterion': 'entropy', 'max_depth': 1, 'min_samples_split': 4, 'n_estimators': 30}","{'criterion': 'gini', 'max_depth': 2, 'min_samples_split': 4, 'n_estimators': 30}","{'criterion': 'entropy', 'max_depth': 1, 'min_samples_split': 4, 'n_estimators': 20}","{'criterion': 'entropy', 'max_depth': 2, 'min_samples_split': 4, 'n_estimators': 40}","{'criterion': 'gini', 'max_depth': 7, 'min_samples_split': 4, 'n_estimators': 30}","{'criterion': 'entropy', 'max_depth': 1, 'min_samples_split': 4, 'n_estimators': 30}","{'criterion': 'gini', 'max_depth': 1, 'min_samples_split': 4, 'n_estimators': 30}","{'criterion': 'gini', 'max_depth': 1, 'min_samples_split': 4, 'n_estimators': 30}","{'criterion': 'gini', 'max_depth': 8, 'min_samples_split': 4, 'n_estimators': 10}","{'criterion': 'gini', 'max_depth': 8, 'min_samples_split': 4, 'n_estimators': 10}","{'criterion': 'entropy', 'max_depth': 1, 'min_samples_split': 4, 'n_estimators': 20}"
