2,0.6666666666666666,0.675,0.6578947368421053,0.0,0.44790986863481197,0.6206896551724138,0.7246376811594203,0.0,0.4484424454439447,0.7397260273972602,0.6024096385542169,0,0.44737855531715903,"[54, 19, 0]","[33, 50, 0]","[0, 0, 0]"
0,0.6153846153846154,0.6249999999999999,0.6052631578947367,0.0,0.41342094636760757,0.5747126436781609,0.6666666666666666,0.0,0.4137931034482758,0.684931506849315,0.5542168674698795,0,0.41304945810639815,"[50, 23, 0]","[37, 46, 0]","[0, 0, 0]"
4,0.6987179487179487,0.718562874251497,0.6758620689655173,0.0,0.4657546280391484,0.6896551724137931,0.7101449275362319,0.0,0.46660003331667504,0.75,0.6447368421052632,0,0.46491228070175444,"[60, 20, 0]","[27, 49, 0]","[0, 0, 0]"
3,0.6538461538461539,0.6785714285714286,0.6250000000000001,0.0,0.43517415813172733,0.6551724137931034,0.6521739130434783,0.0,0.4357821089455272,0.7037037037037037,0.6,0,0.43456790123456795,"[57, 24, 0]","[30, 45, 0]","[0, 0, 0]"
1,0.6858974358974359,0.7065868263473054,0.6620689655172414,0.0,0.457147311638876,0.6781609195402298,0.6956521739130435,0.0,0.4579376978177578,0.7375,0.631578947368421,0,0.456359649122807,"[59, 21, 0]","[28, 48, 0]","[0, 0, 0]"
6,0.6602564102564102,0.6826347305389221,0.6344827586206896,0.0,0.43993265742472903,0.6551724137931034,0.6666666666666666,0.0,0.44061302681992337,0.7125,0.6052631578947368,0,0.4392543859649123,"[57, 23, 0]","[30, 46, 0]","[0, 0, 0]"
9,0.6602564102564102,0.6787878787878788,0.6394557823129252,0.0,0.44089055522858484,0.6436781609195402,0.6811594202898551,0.0,0.4416125270697984,0.717948717948718,0.6025641025641025,0,0.44017094017094016,"[56, 22, 0]","[31, 47, 0]","[0, 0, 0]"
5,0.6602564102564102,0.6708074534161491,0.6490066225165563,0.0,0.4430200938774194,0.6206896551724138,0.7101449275362319,0.0,0.4436115275695485,0.7297297297297297,0.5975609756097561,0,0.44243023511316193,"[54, 20, 0]","[33, 49, 0]","[0, 0, 0]"
7,0.7243589743589743,0.7425149700598801,0.7034482758620689,0.0,0.4829692413342504,0.7126436781609196,0.7391304347826086,0.0,0.4839247043145094,0.775,0.6710526315789473,0,0.48201754385964907,"[62, 18, 0]","[25, 51, 0]","[0, 0, 0]"
8,0.7115384615384616,0.7239263803680982,0.697986577181208,0.0,0.47634823917446834,0.6781609195402298,0.7536231884057971,0.0,0.4772613693153423,0.7763157894736842,0.65,0,0.47543859649122805,"[59, 17, 0]","[28, 52, 0]","[0, 0, 0]"
datasize,156

ID,Accuracy,f_0,f_1,f_2,f_m,r_0,r_1,r_2,r_m,p_0,p_1,p_2,p_m,+1,0,-1
2,"{'criterion': 'gini', 'max_depth': 5, 'min_samples_split': 4, 'n_estimators': 30}","{'criterion': 'gini', 'max_depth': 6, 'min_samples_split': 4, 'n_estimators': 30}","{'criterion': 'gini', 'max_depth': 8, 'min_samples_split': 4, 'n_estimators': 10}","{'criterion': 'entropy', 'max_depth': 6, 'min_samples_split': 4, 'n_estimators': 40}","{'criterion': 'entropy', 'max_depth': 4, 'min_samples_split': 4, 'n_estimators': 20}","{'criterion': 'entropy', 'max_depth': 5, 'min_samples_split': 4, 'n_estimators': 40}","{'criterion': 'entropy', 'max_depth': 4, 'min_samples_split': 4, 'n_estimators': 30}","{'criterion': 'entropy', 'max_depth': 4, 'min_samples_split': 4, 'n_estimators': 20}","{'criterion': 'entropy', 'max_depth': 8, 'min_samples_split': 4, 'n_estimators': 30}","{'criterion': 'gini', 'max_depth': 5, 'min_samples_split': 4, 'n_estimators': 30}","{'criterion': 'gini', 'max_depth': 3, 'min_samples_split': 4, 'n_estimators': 40}","{'criterion': 'gini', 'max_depth': 3, 'min_samples_split': 4, 'n_estimators': 40}","{'criterion': 'gini', 'max_depth': 3, 'min_samples_split': 4, 'n_estimators': 30}","{'criterion': 'gini', 'max_depth': 4, 'min_samples_split': 4, 'n_estimators': 10}","{'criterion': 'entropy', 'max_depth': 3, 'min_samples_split': 4, 'n_estimators': 40}","{'criterion': 'gini', 'max_depth': 4, 'min_samples_split': 4, 'n_estimators': 40}","{'criterion': 'gini', 'max_depth': 4, 'min_samples_split': 4, 'n_estimators': 10}","{'criterion': 'gini', 'max_depth': 4, 'min_samples_split': 4, 'n_estimators': 40}","{'criterion': 'gini', 'max_depth': 8, 'min_samples_split': 4, 'n_estimators': 20}","{'criterion': 'entropy', 'max_depth': 3, 'min_samples_split': 4, 'n_estimators': 20}","{'criterion': 'gini', 'max_depth': 3, 'min_samples_split': 4, 'n_estimators': 40}","{'criterion': 'gini', 'max_depth': 4, 'min_samples_split': 4, 'n_estimators': 40}","{'criterion': 'gini', 'max_depth': 4, 'min_samples_split': 4, 'n_estimators': 40}","{'criterion': 'entropy', 'max_depth': 4, 'min_samples_split': 4, 'n_estimators': 40}","{'criterion': 'gini', 'max_depth': 4, 'min_samples_split': 4, 'n_estimators': 10}","{'criterion': 'entropy', 'max_depth': 2, 'min_samples_split': 4, 'n_estimators': 10}","{'criterion': 'entropy', 'max_depth': 4, 'min_samples_split': 4, 'n_estimators': 40}","{'criterion': 'gini', 'max_depth': 7, 'min_samples_split': 4, 'n_estimators': 10}","{'criterion': 'entropy', 'max_depth': 4, 'min_samples_split': 4, 'n_estimators': 30}","{'criterion': 'entropy', 'max_depth': 3, 'min_samples_split': 4, 'n_estimators': 30}","{'criterion': 'gini', 'max_depth': 3, 'min_samples_split': 4, 'n_estimators': 30}","{'criterion': 'gini', 'max_depth': 4, 'min_samples_split': 4, 'n_estimators': 40}","{'criterion': 'entropy', 'max_depth': 2, 'min_samples_split': 4, 'n_estimators': 40}","{'criterion': 'gini', 'max_depth': 8, 'min_samples_split': 4, 'n_estimators': 20}","{'criterion': 'entropy', 'max_depth': 6, 'min_samples_split': 4, 'n_estimators': 20}","{'criterion': 'gini', 'max_depth': 5, 'min_samples_split': 4, 'n_estimators': 30}","{'criterion': 'gini', 'max_depth': 3, 'min_samples_split': 4, 'n_estimators': 30}","{'criterion': 'gini', 'max_depth': 7, 'min_samples_split': 4, 'n_estimators': 30}","{'criterion': 'entropy', 'max_depth': 3, 'min_samples_split': 4, 'n_estimators': 20}"
0,"{'criterion': 'entropy', 'max_depth': 3, 'min_samples_split': 4, 'n_estimators': 10}","{'criterion': 'gini', 'max_depth': 4, 'min_samples_split': 4, 'n_estimators': 30}","{'criterion': 'gini', 'max_depth': 1, 'min_samples_split': 4, 'n_estimators': 40}","{'criterion': 'entropy', 'max_depth': 8, 'min_samples_split': 4, 'n_estimators': 40}","{'criterion': 'entropy', 'max_depth': 5, 'min_samples_split': 4, 'n_estimators': 10}","{'criterion': 'entropy', 'max_depth': 3, 'min_samples_split': 4, 'n_estimators': 10}","{'criterion': 'gini', 'max_depth': 3, 'min_samples_split': 4, 'n_estimators': 20}","{'criterion': 'gini', 'max_depth': 5, 'min_samples_split': 4, 'n_estimators': 40}","{'criterion': 'gini', 'max_depth': 5, 'min_samples_split': 4, 'n_estimators': 20}","{'criterion': 'gini', 'max_depth': 4, 'min_samples_split': 4, 'n_estimators': 30}","{'criterion': 'gini', 'max_depth': 1, 'min_samples_split': 4, 'n_estimators': 30}","{'criterion': 'gini', 'max_depth': 3, 'min_samples_split': 4, 'n_estimators': 30}","{'criterion': 'gini', 'max_depth': 4, 'min_samples_split': 4, 'n_estimators': 20}","{'criterion': 'entropy', 'max_depth': 5, 'min_samples_split': 4, 'n_estimators': 10}","{'criterion': 'entropy', 'max_depth': 2, 'min_samples_split': 4, 'n_estimators': 30}","{'criterion': 'entropy', 'max_depth': 5, 'min_samples_split': 4, 'n_estimators': 10}","{'criterion': 'gini', 'max_depth': 2, 'min_samples_split': 4, 'n_estimators': 40}","{'criterion': 'gini', 'max_depth': 2, 'min_samples_split': 4, 'n_estimators': 10}","{'criterion': 'entropy', 'max_depth': 3, 'min_samples_split': 4, 'n_estimators': 10}","{'criterion': 'gini', 'max_depth': 4, 'min_samples_split': 4, 'n_estimators': 10}","{'criterion': 'entropy', 'max_depth': 3, 'min_samples_split': 4, 'n_estimators': 10}","{'criterion': 'entropy', 'max_depth': 7, 'min_samples_split': 4, 'n_estimators': 20}","{'criterion': 'gini', 'max_depth': 2, 'min_samples_split': 4, 'n_estimators': 10}","{'criterion': 'gini', 'max_depth': 2, 'min_samples_split': 4, 'n_estimators': 30}","{'criterion': 'gini', 'max_depth': 4, 'min_samples_split': 4, 'n_estimators': 10}","{'criterion': 'gini', 'max_depth': 3, 'min_samples_split': 4, 'n_estimators': 20}","{'criterion': 'gini', 'max_depth': 2, 'min_samples_split': 4, 'n_estimators': 10}","{'criterion': 'gini', 'max_depth': 2, 'min_samples_split': 4, 'n_estimators': 10}","{'criterion': 'entropy', 'max_depth': 5, 'min_samples_split': 4, 'n_estimators': 10}","{'criterion': 'gini', 'max_depth': 6, 'min_samples_split': 4, 'n_estimators': 10}","{'criterion': 'gini', 'max_depth': 6, 'min_samples_split': 4, 'n_estimators': 10}","{'criterion': 'gini', 'max_depth': 4, 'min_samples_split': 4, 'n_estimators': 20}","{'criterion': 'gini', 'max_depth': 2, 'min_samples_split': 4, 'n_estimators': 10}","{'criterion': 'entropy', 'max_depth': 2, 'min_samples_split': 4, 'n_estimators': 30}","{'criterion': 'entropy', 'max_depth': 3, 'min_samples_split': 4, 'n_estimators': 30}","{'criterion': 'gini', 'max_depth': 3, 'min_samples_split': 4, 'n_estimators': 20}","{'criterion': 'entropy', 'max_depth': 3, 'min_samples_split': 4, 'n_estimators': 10}","{'criterion': 'gini', 'max_depth': 3, 'min_samples_split': 4, 'n_estimators': 20}","{'criterion': 'gini', 'max_depth': 5, 'min_samples_split': 4, 'n_estimators': 10}"
4,"{'criterion': 'gini', 'max_depth': 2, 'min_samples_split': 4, 'n_estimators': 20}","{'criterion': 'gini', 'max_depth': 4, 'min_samples_split': 4, 'n_estimators': 30}","{'criterion': 'gini', 'max_depth': 5, 'min_samples_split': 4, 'n_estimators': 30}","{'criterion': 'gini', 'max_depth': 2, 'min_samples_split': 4, 'n_estimators': 20}","{'criterion': 'gini', 'max_depth': 3, 'min_samples_split': 4, 'n_estimators': 30}","{'criterion': 'gini', 'max_depth': 3, 'min_samples_split': 4, 'n_estimators': 30}","{'criterion': 'gini', 'max_depth': 3, 'min_samples_split': 4, 'n_estimators': 20}","{'criterion': 'entropy', 'max_depth': 4, 'min_samples_split': 4, 'n_estimators': 10}","{'criterion': 'gini', 'max_depth': 1, 'min_samples_split': 4, 'n_estimators': 40}","{'criterion': 'gini', 'max_depth': 6, 'min_samples_split': 4, 'n_estimators': 30}","{'criterion': 'gini', 'max_depth': 6, 'min_samples_split': 4, 'n_estimators': 10}","{'criterion': 'gini', 'max_depth': 5, 'min_samples_split': 4, 'n_estimators': 10}","{'criterion': 'entropy', 'max_depth': 6, 'min_samples_split': 4, 'n_estimators': 30}","{'criterion': 'gini', 'max_depth': 3, 'min_samples_split': 4, 'n_estimators': 40}","{'criterion': 'gini', 'max_depth': 3, 'min_samples_split': 4, 'n_estimators': 40}","{'criterion': 'gini', 'max_depth': 3, 'min_samples_split': 4, 'n_estimators': 30}","{'criterion': 'gini', 'max_depth': 5, 'min_samples_split': 4, 'n_estimators': 40}","{'criterion': 'gini', 'max_depth': 3, 'min_samples_split': 4, 'n_estimators': 40}","{'criterion': 'gini', 'max_depth': 3, 'min_samples_split': 4, 'n_estimators': 20}","{'criterion': 'gini', 'max_depth': 4, 'min_samples_split': 4, 'n_estimators': 40}","{'criterion': 'gini', 'max_depth': 2, 'min_samples_split': 4, 'n_estimators': 40}","{'criterion': 'gini', 'max_depth': 3, 'min_samples_split': 4, 'n_estimators': 30}","{'criterion': 'entropy', 'max_depth': 3, 'min_samples_split': 4, 'n_estimators': 20}","{'criterion': 'entropy', 'max_depth': 3, 'min_samples_split': 4, 'n_estimators': 20}","{'criterion': 'gini', 'max_depth': 5, 'min_samples_split': 4, 'n_estimators': 30}","{'criterion': 'entropy', 'max_depth': 5, 'min_samples_split': 4, 'n_estimators': 20}","{'criterion': 'gini', 'max_depth': 7, 'min_samples_split': 4, 'n_estimators': 10}","{'criterion': 'gini', 'max_depth': 3, 'min_samples_split': 4, 'n_estimators': 30}","{'criterion': 'gini', 'max_depth': 4, 'min_samples_split': 4, 'n_estimators': 40}","{'criterion': 'gini', 'max_depth': 3, 'min_samples_split': 4, 'n_estimators': 40}","{'criterion': 'gini', 'max_depth': 5, 'min_samples_split': 4, 'n_estimators': 30}","{'criterion': 'gini', 'max_depth': 3, 'min_samples_split': 4, 'n_estimators': 30}","{'criterion': 'entropy', 'max_depth': 4, 'min_samples_split': 4, 'n_estimators': 10}","{'criterion': 'entropy', 'max_depth': 6, 'min_samples_split': 4, 'n_estimators': 20}","{'criterion': 'entropy', 'max_depth': 3, 'min_samples_split': 4, 'n_estimators': 30}","{'criterion': 'entropy', 'max_depth': 4, 'min_samples_split': 4, 'n_estimators': 20}","{'criterion': 'entropy', 'max_depth': 3, 'min_samples_split': 4, 'n_estimators': 20}","{'criterion': 'entropy', 'max_depth': 3, 'min_samples_split': 4, 'n_estimators': 40}","{'criterion': 'entropy', 'max_depth': 2, 'min_samples_split': 4, 'n_estimators': 10}"
3,"{'criterion': 'gini', 'max_depth': 4, 'min_samples_split': 4, 'n_estimators': 30}","{'criterion': 'entropy', 'max_depth': 3, 'min_samples_split': 4, 'n_estimators': 40}","{'criterion': 'gini', 'max_depth': 4, 'min_samples_split': 4, 'n_estimators': 20}","{'criterion': 'gini', 'max_depth': 8, 'min_samples_split': 4, 'n_estimators': 40}","{'criterion': 'gini', 'max_depth': 3, 'min_samples_split': 4, 'n_estimators': 20}","{'criterion': 'gini', 'max_depth': 4, 'min_samples_split': 4, 'n_estimators': 20}","{'criterion': 'entropy', 'max_depth': 3, 'min_samples_split': 4, 'n_estimators': 20}","{'criterion': 'entropy', 'max_depth': 7, 'min_samples_split': 4, 'n_estimators': 30}","{'criterion': 'gini', 'max_depth': 5, 'min_samples_split': 4, 'n_estimators': 30}","{'criterion': 'gini', 'max_depth': 7, 'min_samples_split': 4, 'n_estimators': 30}","{'criterion': 'entropy', 'max_depth': 5, 'min_samples_split': 4, 'n_estimators': 30}","{'criterion': 'gini', 'max_depth': 5, 'min_samples_split': 4, 'n_estimators': 40}","{'criterion': 'gini', 'max_depth': 7, 'min_samples_split': 4, 'n_estimators': 30}","{'criterion': 'gini', 'max_depth': 5, 'min_samples_split': 4, 'n_estimators': 40}","{'criterion': 'gini', 'max_depth': 3, 'min_samples_split': 4, 'n_estimators': 30}","{'criterion': 'gini', 'max_depth': 4, 'min_samples_split': 4, 'n_estimators': 40}","{'criterion': 'entropy', 'max_depth': 3, 'min_samples_split': 4, 'n_estimators': 30}","{'criterion': 'gini', 'max_depth': 3, 'min_samples_split': 4, 'n_estimators': 40}","{'criterion': 'gini', 'max_depth': 4, 'min_samples_split': 4, 'n_estimators': 10}","{'criterion': 'gini', 'max_depth': 1, 'min_samples_split': 4, 'n_estimators': 40}","{'criterion': 'gini', 'max_depth': 3, 'min_samples_split': 4, 'n_estimators': 20}","{'criterion': 'entropy', 'max_depth': 4, 'min_samples_split': 4, 'n_estimators': 20}","{'criterion': 'gini', 'max_depth': 1, 'min_samples_split': 4, 'n_estimators': 40}","{'criterion': 'gini', 'max_depth': 3, 'min_samples_split': 4, 'n_estimators': 20}","{'criterion': 'gini', 'max_depth': 1, 'min_samples_split': 4, 'n_estimators': 40}","{'criterion': 'entropy', 'max_depth': 3, 'min_samples_split': 4, 'n_estimators': 30}","{'criterion': 'entropy', 'max_depth': 4, 'min_samples_split': 4, 'n_estimators': 10}","{'criterion': 'entropy', 'max_depth': 3, 'min_samples_split': 4, 'n_estimators': 30}","{'criterion': 'entropy', 'max_depth': 5, 'min_samples_split': 4, 'n_estimators': 10}","{'criterion': 'entropy', 'max_depth': 4, 'min_samples_split': 4, 'n_estimators': 10}","{'criterion': 'entropy', 'max_depth': 6, 'min_samples_split': 4, 'n_estimators': 20}","{'criterion': 'gini', 'max_depth': 6, 'min_samples_split': 4, 'n_estimators': 20}","{'criterion': 'entropy', 'max_depth': 1, 'min_samples_split': 4, 'n_estimators': 30}","{'criterion': 'entropy', 'max_depth': 6, 'min_samples_split': 4, 'n_estimators': 10}","{'criterion': 'entropy', 'max_depth': 2, 'min_samples_split': 4, 'n_estimators': 10}","{'criterion': 'gini', 'max_depth': 1, 'min_samples_split': 4, 'n_estimators': 40}","{'criterion': 'gini', 'max_depth': 7, 'min_samples_split': 4, 'n_estimators': 10}","{'criterion': 'gini', 'max_depth': 5, 'min_samples_split': 4, 'n_estimators': 10}","{'criterion': 'gini', 'max_depth': 3, 'min_samples_split': 4, 'n_estimators': 10}"
1,"{'criterion': 'entropy', 'max_depth': 3, 'min_samples_split': 4, 'n_estimators': 20}","{'criterion': 'gini', 'max_depth': 7, 'min_samples_split': 4, 'n_estimators': 30}","{'criterion': 'entropy', 'max_depth': 6, 'min_samples_split': 4, 'n_estimators': 20}","{'criterion': 'entropy', 'max_depth': 3, 'min_samples_split': 4, 'n_estimators': 10}","{'criterion': 'gini', 'max_depth': 9, 'min_samples_split': 4, 'n_estimators': 10}","{'criterion': 'gini', 'max_depth': 6, 'min_samples_split': 4, 'n_estimators': 20}","{'criterion': 'entropy', 'max_depth': 3, 'min_samples_split': 4, 'n_estimators': 10}","{'criterion': 'gini', 'max_depth': 6, 'min_samples_split': 4, 'n_estimators': 40}","{'criterion': 'entropy', 'max_depth': 4, 'min_samples_split': 4, 'n_estimators': 20}","{'criterion': 'gini', 'max_depth': 3, 'min_samples_split': 4, 'n_estimators': 20}","{'criterion': 'gini', 'max_depth': 3, 'min_samples_split': 4, 'n_estimators': 20}","{'criterion': 'gini', 'max_depth': 3, 'min_samples_split': 4, 'n_estimators': 20}","{'criterion': 'gini', 'max_depth': 5, 'min_samples_split': 4, 'n_estimators': 40}","{'criterion': 'gini', 'max_depth': 2, 'min_samples_split': 4, 'n_estimators': 20}","{'criterion': 'gini', 'max_depth': 9, 'min_samples_split': 4, 'n_estimators': 40}","{'criterion': 'gini', 'max_depth': 4, 'min_samples_split': 4, 'n_estimators': 30}","{'criterion': 'entropy', 'max_depth': 5, 'min_samples_split': 4, 'n_estimators': 30}","{'criterion': 'gini', 'max_depth': 1, 'min_samples_split': 4, 'n_estimators': 40}","{'criterion': 'gini', 'max_depth': 1, 'min_samples_split': 4, 'n_estimators': 30}","{'criterion': 'entropy', 'max_depth': 3, 'min_samples_split': 4, 'n_estimators': 20}","{'criterion': 'entropy', 'max_depth': 2, 'min_samples_split': 4, 'n_estimators': 10}","{'criterion': 'gini', 'max_depth': 4, 'min_samples_split': 4, 'n_estimators': 30}","{'criterion': 'entropy', 'max_depth': 2, 'min_samples_split': 4, 'n_estimators': 30}","{'criterion': 'gini', 'max_depth': 2, 'min_samples_split': 4, 'n_estimators': 20}","{'criterion': 'gini', 'max_depth': 2, 'min_samples_split': 4, 'n_estimators': 20}","{'criterion': 'gini', 'max_depth': 1, 'min_samples_split': 4, 'n_estimators': 40}","{'criterion': 'gini', 'max_depth': 4, 'min_samples_split': 4, 'n_estimators': 10}","{'criterion': 'entropy', 'max_depth': 6, 'min_samples_split': 4, 'n_estimators': 40}","{'criterion': 'entropy', 'max_depth': 4, 'min_samples_split': 4, 'n_estimators': 10}","{'criterion': 'gini', 'max_depth': 4, 'min_samples_split': 4, 'n_estimators': 30}","{'criterion': 'gini', 'max_depth': 1, 'min_samples_split': 4, 'n_estimators': 20}","{'criterion': 'entropy', 'max_depth': 4, 'min_samples_split': 4, 'n_estimators': 30}","{'criterion': 'entropy', 'max_depth': 6, 'min_samples_split': 4, 'n_estimators': 20}","{'criterion': 'gini', 'max_depth': 5, 'min_samples_split': 4, 'n_estimators': 10}","{'criterion': 'entropy', 'max_depth': 4, 'min_samples_split': 4, 'n_estimators': 40}","{'criterion': 'entropy', 'max_depth': 6, 'min_samples_split': 4, 'n_estimators': 10}","{'criterion': 'gini', 'max_depth': 1, 'min_samples_split': 4, 'n_estimators': 10}","{'criterion': 'entropy', 'max_depth': 9, 'min_samples_split': 4, 'n_estimators': 10}","{'criterion': 'entropy', 'max_depth': 5, 'min_samples_split': 4, 'n_estimators': 30}"
6,"{'criterion': 'gini', 'max_depth': 3, 'min_samples_split': 4, 'n_estimators': 10}","{'criterion': 'entropy', 'max_depth': 2, 'min_samples_split': 4, 'n_estimators': 10}","{'criterion': 'entropy', 'max_depth': 3, 'min_samples_split': 4, 'n_estimators': 30}","{'criterion': 'entropy', 'max_depth': 3, 'min_samples_split': 4, 'n_estimators': 30}","{'criterion': 'gini', 'max_depth': 4, 'min_samples_split': 4, 'n_estimators': 10}","{'criterion': 'gini', 'max_depth': 4, 'min_samples_split': 4, 'n_estimators': 10}","{'criterion': 'entropy', 'max_depth': 3, 'min_samples_split': 4, 'n_estimators': 10}","{'criterion': 'entropy', 'max_depth': 4, 'min_samples_split': 4, 'n_estimators': 30}","{'criterion': 'gini', 'max_depth': 1, 'min_samples_split': 4, 'n_estimators': 20}","{'criterion': 'gini', 'max_depth': 5, 'min_samples_split': 4, 'n_estimators': 10}","{'criterion': 'gini', 'max_depth': 4, 'min_samples_split': 4, 'n_estimators': 20}","{'criterion': 'entropy', 'max_depth': 4, 'min_samples_split': 4, 'n_estimators': 10}","{'criterion': 'gini', 'max_depth': 4, 'min_samples_split': 4, 'n_estimators': 40}","{'criterion': 'gini', 'max_depth': 1, 'min_samples_split': 4, 'n_estimators': 10}","{'criterion': 'entropy', 'max_depth': 2, 'min_samples_split': 4, 'n_estimators': 20}","{'criterion': 'gini', 'max_depth': 5, 'min_samples_split': 4, 'n_estimators': 20}","{'criterion': 'entropy', 'max_depth': 3, 'min_samples_split': 4, 'n_estimators': 10}","{'criterion': 'gini', 'max_depth': 5, 'min_samples_split': 4, 'n_estimators': 30}","{'criterion': 'gini', 'max_depth': 2, 'min_samples_split': 4, 'n_estimators': 40}","{'criterion': 'gini', 'max_depth': 2, 'min_samples_split': 4, 'n_estimators': 20}","{'criterion': 'gini', 'max_depth': 4, 'min_samples_split': 4, 'n_estimators': 40}","{'criterion': 'gini', 'max_depth': 3, 'min_samples_split': 4, 'n_estimators': 10}","{'criterion': 'gini', 'max_depth': 3, 'min_samples_split': 4, 'n_estimators': 30}","{'criterion': 'gini', 'max_depth': 6, 'min_samples_split': 4, 'n_estimators': 40}","{'criterion': 'entropy', 'max_depth': 3, 'min_samples_split': 4, 'n_estimators': 30}","{'criterion': 'entropy', 'max_depth': 2, 'min_samples_split': 4, 'n_estimators': 10}","{'criterion': 'entropy', 'max_depth': 8, 'min_samples_split': 4, 'n_estimators': 10}","{'criterion': 'gini', 'max_depth': 2, 'min_samples_split': 4, 'n_estimators': 10}","{'criterion': 'gini', 'max_depth': 5, 'min_samples_split': 4, 'n_estimators': 40}","{'criterion': 'entropy', 'max_depth': 3, 'min_samples_split': 4, 'n_estimators': 10}","{'criterion': 'entropy', 'max_depth': 3, 'min_samples_split': 4, 'n_estimators': 20}","{'criterion': 'entropy', 'max_depth': 2, 'min_samples_split': 4, 'n_estimators': 10}","{'criterion': 'entropy', 'max_depth': 3, 'min_samples_split': 4, 'n_estimators': 20}","{'criterion': 'gini', 'max_depth': 2, 'min_samples_split': 4, 'n_estimators': 40}","{'criterion': 'entropy', 'max_depth': 7, 'min_samples_split': 4, 'n_estimators': 10}","{'criterion': 'gini', 'max_depth': 3, 'min_samples_split': 4, 'n_estimators': 20}","{'criterion': 'gini', 'max_depth': 4, 'min_samples_split': 4, 'n_estimators': 30}","{'criterion': 'entropy', 'max_depth': 3, 'min_samples_split': 4, 'n_estimators': 10}","{'criterion': 'gini', 'max_depth': 1, 'min_samples_split': 4, 'n_estimators': 40}"
9,"{'criterion': 'gini', 'max_depth': 7, 'min_samples_split': 4, 'n_estimators': 10}","{'criterion': 'entropy', 'max_depth': 3, 'min_samples_split': 4, 'n_estimators': 40}","{'criterion': 'entropy', 'max_depth': 4, 'min_samples_split': 4, 'n_estimators': 40}","{'criterion': 'entropy', 'max_depth': 3, 'min_samples_split': 4, 'n_estimators': 10}","{'criterion': 'gini', 'max_depth': 4, 'min_samples_split': 4, 'n_estimators': 30}","{'criterion': 'entropy', 'max_depth': 4, 'min_samples_split': 4, 'n_estimators': 40}","{'criterion': 'gini', 'max_depth': 6, 'min_samples_split': 4, 'n_estimators': 10}","{'criterion': 'entropy', 'max_depth': 4, 'min_samples_split': 4, 'n_estimators': 30}","{'criterion': 'entropy', 'max_depth': 2, 'min_samples_split': 4, 'n_estimators': 30}","{'criterion': 'entropy', 'max_depth': 4, 'min_samples_split': 4, 'n_estimators': 20}","{'criterion': 'gini', 'max_depth': 7, 'min_samples_split': 4, 'n_estimators': 20}","{'criterion': 'entropy', 'max_depth': 5, 'min_samples_split': 4, 'n_estimators': 30}","{'criterion': 'gini', 'max_depth': 2, 'min_samples_split': 4, 'n_estimators': 40}","{'criterion': 'gini', 'max_depth': 4, 'min_samples_split': 4, 'n_estimators': 30}","{'criterion': 'gini', 'max_depth': 2, 'min_samples_split': 4, 'n_estimators': 40}","{'criterion': 'gini', 'max_depth': 4, 'min_samples_split': 4, 'n_estimators': 40}","{'criterion': 'entropy', 'max_depth': 2, 'min_samples_split': 4, 'n_estimators': 30}","{'criterion': 'entropy', 'max_depth': 2, 'min_samples_split': 4, 'n_estimators': 40}","{'criterion': 'gini', 'max_depth': 3, 'min_samples_split': 4, 'n_estimators': 40}","{'criterion': 'entropy', 'max_depth': 2, 'min_samples_split': 4, 'n_estimators': 40}","{'criterion': 'entropy', 'max_depth': 2, 'min_samples_split': 4, 'n_estimators': 40}","{'criterion': 'entropy', 'max_depth': 2, 'min_samples_split': 4, 'n_estimators': 40}","{'criterion': 'gini', 'max_depth': 3, 'min_samples_split': 4, 'n_estimators': 40}","{'criterion': 'gini', 'max_depth': 2, 'min_samples_split': 4, 'n_estimators': 20}","{'criterion': 'gini', 'max_depth': 5, 'min_samples_split': 4, 'n_estimators': 20}","{'criterion': 'gini', 'max_depth': 9, 'min_samples_split': 4, 'n_estimators': 40}","{'criterion': 'gini', 'max_depth': 4, 'min_samples_split': 4, 'n_estimators': 30}","{'criterion': 'gini', 'max_depth': 3, 'min_samples_split': 4, 'n_estimators': 40}","{'criterion': 'gini', 'max_depth': 3, 'min_samples_split': 4, 'n_estimators': 40}","{'criterion': 'gini', 'max_depth': 2, 'min_samples_split': 4, 'n_estimators': 40}","{'criterion': 'gini', 'max_depth': 2, 'min_samples_split': 4, 'n_estimators': 40}","{'criterion': 'entropy', 'max_depth': 3, 'min_samples_split': 4, 'n_estimators': 40}","{'criterion': 'entropy', 'max_depth': 6, 'min_samples_split': 4, 'n_estimators': 20}","{'criterion': 'entropy', 'max_depth': 4, 'min_samples_split': 4, 'n_estimators': 30}","{'criterion': 'gini', 'max_depth': 2, 'min_samples_split': 4, 'n_estimators': 10}","{'criterion': 'entropy', 'max_depth': 2, 'min_samples_split': 4, 'n_estimators': 20}","{'criterion': 'gini', 'max_depth': 4, 'min_samples_split': 4, 'n_estimators': 30}","{'criterion': 'entropy', 'max_depth': 2, 'min_samples_split': 4, 'n_estimators': 20}","{'criterion': 'entropy', 'max_depth': 4, 'min_samples_split': 4, 'n_estimators': 20}"
5,"{'criterion': 'gini', 'max_depth': 4, 'min_samples_split': 4, 'n_estimators': 20}","{'criterion': 'gini', 'max_depth': 1, 'min_samples_split': 4, 'n_estimators': 20}","{'criterion': 'gini', 'max_depth': 1, 'min_samples_split': 4, 'n_estimators': 40}","{'criterion': 'entropy', 'max_depth': 6, 'min_samples_split': 4, 'n_estimators': 20}","{'criterion': 'gini', 'max_depth': 4, 'min_samples_split': 4, 'n_estimators': 20}","{'criterion': 'gini', 'max_depth': 4, 'min_samples_split': 4, 'n_estimators': 30}","{'criterion': 'entropy', 'max_depth': 3, 'min_samples_split': 4, 'n_estimators': 20}","{'criterion': 'gini', 'max_depth': 4, 'min_samples_split': 4, 'n_estimators': 30}","{'criterion': 'entropy', 'max_depth': 5, 'min_samples_split': 4, 'n_estimators': 20}","{'criterion': 'gini', 'max_depth': 8, 'min_samples_split': 4, 'n_estimators': 30}","{'criterion': 'entropy', 'max_depth': 2, 'min_samples_split': 4, 'n_estimators': 20}","{'criterion': 'gini', 'max_depth': 2, 'min_samples_split': 4, 'n_estimators': 30}","{'criterion': 'gini', 'max_depth': 4, 'min_samples_split': 4, 'n_estimators': 20}","{'criterion': 'entropy', 'max_depth': 4, 'min_samples_split': 4, 'n_estimators': 10}","{'criterion': 'gini', 'max_depth': 2, 'min_samples_split': 4, 'n_estimators': 40}","{'criterion': 'entropy', 'max_depth': 4, 'min_samples_split': 4, 'n_estimators': 20}","{'criterion': 'gini', 'max_depth': 4, 'min_samples_split': 4, 'n_estimators': 30}","{'criterion': 'entropy', 'max_depth': 1, 'min_samples_split': 4, 'n_estimators': 20}","{'criterion': 'entropy', 'max_depth': 4, 'min_samples_split': 4, 'n_estimators': 30}","{'criterion': 'entropy', 'max_depth': 6, 'min_samples_split': 4, 'n_estimators': 30}","{'criterion': 'gini', 'max_depth': 2, 'min_samples_split': 4, 'n_estimators': 30}","{'criterion': 'entropy', 'max_depth': 4, 'min_samples_split': 4, 'n_estimators': 40}","{'criterion': 'gini', 'max_depth': 2, 'min_samples_split': 4, 'n_estimators': 40}","{'criterion': 'entropy', 'max_depth': 4, 'min_samples_split': 4, 'n_estimators': 40}","{'criterion': 'entropy', 'max_depth': 3, 'min_samples_split': 4, 'n_estimators': 30}","{'criterion': 'gini', 'max_depth': 5, 'min_samples_split': 4, 'n_estimators': 40}","{'criterion': 'gini', 'max_depth': 7, 'min_samples_split': 4, 'n_estimators': 10}","{'criterion': 'gini', 'max_depth': 3, 'min_samples_split': 4, 'n_estimators': 30}","{'criterion': 'entropy', 'max_depth': 6, 'min_samples_split': 4, 'n_estimators': 40}","{'criterion': 'entropy', 'max_depth': 2, 'min_samples_split': 4, 'n_estimators': 20}","{'criterion': 'entropy', 'max_depth': 2, 'min_samples_split': 4, 'n_estimators': 40}","{'criterion': 'entropy', 'max_depth': 2, 'min_samples_split': 4, 'n_estimators': 40}","{'criterion': 'gini', 'max_depth': 2, 'min_samples_split': 4, 'n_estimators': 40}","{'criterion': 'gini', 'max_depth': 3, 'min_samples_split': 4, 'n_estimators': 30}","{'criterion': 'entropy', 'max_depth': 3, 'min_samples_split': 4, 'n_estimators': 20}","{'criterion': 'gini', 'max_depth': 4, 'min_samples_split': 4, 'n_estimators': 20}","{'criterion': 'gini', 'max_depth': 3, 'min_samples_split': 4, 'n_estimators': 30}","{'criterion': 'gini', 'max_depth': 1, 'min_samples_split': 4, 'n_estimators': 20}","{'criterion': 'gini', 'max_depth': 3, 'min_samples_split': 4, 'n_estimators': 10}"
7,"{'criterion': 'gini', 'max_depth': 3, 'min_samples_split': 4, 'n_estimators': 10}","{'criterion': 'gini', 'max_depth': 2, 'min_samples_split': 4, 'n_estimators': 30}","{'criterion': 'entropy', 'max_depth': 4, 'min_samples_split': 4, 'n_estimators': 20}","{'criterion': 'entropy', 'max_depth': 4, 'min_samples_split': 4, 'n_estimators': 10}","{'criterion': 'entropy', 'max_depth': 6, 'min_samples_split': 4, 'n_estimators': 10}","{'criterion': 'entropy', 'max_depth': 2, 'min_samples_split': 4, 'n_estimators': 10}","{'criterion': 'entropy', 'max_depth': 6, 'min_samples_split': 4, 'n_estimators': 20}","{'criterion': 'gini', 'max_depth': 3, 'min_samples_split': 4, 'n_estimators': 10}","{'criterion': 'gini', 'max_depth': 5, 'min_samples_split': 4, 'n_estimators': 20}","{'criterion': 'gini', 'max_depth': 4, 'min_samples_split': 4, 'n_estimators': 20}","{'criterion': 'gini', 'max_depth': 2, 'min_samples_split': 4, 'n_estimators': 10}","{'criterion': 'gini', 'max_depth': 2, 'min_samples_split': 4, 'n_estimators': 10}","{'criterion': 'gini', 'max_depth': 3, 'min_samples_split': 4, 'n_estimators': 20}","{'criterion': 'entropy', 'max_depth': 3, 'min_samples_split': 4, 'n_estimators': 10}","{'criterion': 'entropy', 'max_depth': 3, 'min_samples_split': 4, 'n_estimators': 10}","{'criterion': 'entropy', 'max_depth': 1, 'min_samples_split': 4, 'n_estimators': 20}","{'criterion': 'entropy', 'max_depth': 2, 'min_samples_split': 4, 'n_estimators': 30}","{'criterion': 'entropy', 'max_depth': 1, 'min_samples_split': 4, 'n_estimators': 30}","{'criterion': 'entropy', 'max_depth': 2, 'min_samples_split': 4, 'n_estimators': 20}","{'criterion': 'gini', 'max_depth': 2, 'min_samples_split': 4, 'n_estimators': 20}","{'criterion': 'entropy', 'max_depth': 4, 'min_samples_split': 4, 'n_estimators': 20}","{'criterion': 'entropy', 'max_depth': 3, 'min_samples_split': 4, 'n_estimators': 10}","{'criterion': 'entropy', 'max_depth': 3, 'min_samples_split': 4, 'n_estimators': 20}","{'criterion': 'gini', 'max_depth': 4, 'min_samples_split': 4, 'n_estimators': 20}","{'criterion': 'entropy', 'max_depth': 4, 'min_samples_split': 4, 'n_estimators': 10}","{'criterion': 'entropy', 'max_depth': 2, 'min_samples_split': 4, 'n_estimators': 20}","{'criterion': 'gini', 'max_depth': 4, 'min_samples_split': 4, 'n_estimators': 10}","{'criterion': 'entropy', 'max_depth': 1, 'min_samples_split': 4, 'n_estimators': 20}","{'criterion': 'gini', 'max_depth': 4, 'min_samples_split': 4, 'n_estimators': 20}","{'criterion': 'entropy', 'max_depth': 3, 'min_samples_split': 4, 'n_estimators': 30}","{'criterion': 'gini', 'max_depth': 6, 'min_samples_split': 4, 'n_estimators': 10}","{'criterion': 'gini', 'max_depth': 4, 'min_samples_split': 4, 'n_estimators': 20}","{'criterion': 'gini', 'max_depth': 8, 'min_samples_split': 4, 'n_estimators': 20}","{'criterion': 'gini', 'max_depth': 9, 'min_samples_split': 4, 'n_estimators': 10}","{'criterion': 'gini', 'max_depth': 8, 'min_samples_split': 4, 'n_estimators': 20}","{'criterion': 'entropy', 'max_depth': 4, 'min_samples_split': 4, 'n_estimators': 20}","{'criterion': 'entropy', 'max_depth': 3, 'min_samples_split': 4, 'n_estimators': 30}","{'criterion': 'entropy', 'max_depth': 2, 'min_samples_split': 4, 'n_estimators': 30}","{'criterion': 'gini', 'max_depth': 1, 'min_samples_split': 4, 'n_estimators': 40}"
8,"{'criterion': 'entropy', 'max_depth': 9, 'min_samples_split': 4, 'n_estimators': 40}","{'criterion': 'gini', 'max_depth': 4, 'min_samples_split': 4, 'n_estimators': 40}","{'criterion': 'gini', 'max_depth': 1, 'min_samples_split': 4, 'n_estimators': 10}","{'criterion': 'gini', 'max_depth': 4, 'min_samples_split': 4, 'n_estimators': 40}","{'criterion': 'gini', 'max_depth': 1, 'min_samples_split': 4, 'n_estimators': 10}","{'criterion': 'gini', 'max_depth': 5, 'min_samples_split': 4, 'n_estimators': 20}","{'criterion': 'entropy', 'max_depth': 2, 'min_samples_split': 4, 'n_estimators': 20}","{'criterion': 'entropy', 'max_depth': 5, 'min_samples_split': 4, 'n_estimators': 10}","{'criterion': 'gini', 'max_depth': 6, 'min_samples_split': 4, 'n_estimators': 20}","{'criterion': 'entropy', 'max_depth': 3, 'min_samples_split': 4, 'n_estimators': 10}","{'criterion': 'gini', 'max_depth': 5, 'min_samples_split': 4, 'n_estimators': 20}","{'criterion': 'gini', 'max_depth': 5, 'min_samples_split': 4, 'n_estimators': 20}","{'criterion': 'gini', 'max_depth': 3, 'min_samples_split': 4, 'n_estimators': 10}","{'criterion': 'gini', 'max_depth': 9, 'min_samples_split': 4, 'n_estimators': 20}","{'criterion': 'entropy', 'max_depth': 3, 'min_samples_split': 4, 'n_estimators': 10}","{'criterion': 'entropy', 'max_depth': 1, 'min_samples_split': 4, 'n_estimators': 20}","{'criterion': 'gini', 'max_depth': 4, 'min_samples_split': 4, 'n_estimators': 10}","{'criterion': 'entropy', 'max_depth': 3, 'min_samples_split': 4, 'n_estimators': 10}","{'criterion': 'gini', 'max_depth': 5, 'min_samples_split': 4, 'n_estimators': 10}","{'criterion': 'gini', 'max_depth': 1, 'min_samples_split': 4, 'n_estimators': 20}","{'criterion': 'entropy', 'max_depth': 2, 'min_samples_split': 4, 'n_estimators': 10}","{'criterion': 'gini', 'max_depth': 6, 'min_samples_split': 4, 'n_estimators': 10}","{'criterion': 'entropy', 'max_depth': 3, 'min_samples_split': 4, 'n_estimators': 30}","{'criterion': 'entropy', 'max_depth': 3, 'min_samples_split': 4, 'n_estimators': 10}","{'criterion': 'gini', 'max_depth': 2, 'min_samples_split': 4, 'n_estimators': 10}","{'criterion': 'entropy', 'max_depth': 2, 'min_samples_split': 4, 'n_estimators': 10}","{'criterion': 'entropy', 'max_depth': 3, 'min_samples_split': 4, 'n_estimators': 30}","{'criterion': 'gini', 'max_depth': 3, 'min_samples_split': 4, 'n_estimators': 30}","{'criterion': 'entropy', 'max_depth': 2, 'min_samples_split': 4, 'n_estimators': 10}","{'criterion': 'entropy', 'max_depth': 3, 'min_samples_split': 4, 'n_estimators': 40}","{'criterion': 'gini', 'max_depth': 2, 'min_samples_split': 4, 'n_estimators': 30}","{'criterion': 'gini', 'max_depth': 2, 'min_samples_split': 4, 'n_estimators': 30}","{'criterion': 'gini', 'max_depth': 4, 'min_samples_split': 4, 'n_estimators': 10}","{'criterion': 'entropy', 'max_depth': 6, 'min_samples_split': 4, 'n_estimators': 10}","{'criterion': 'entropy', 'max_depth': 2, 'min_samples_split': 4, 'n_estimators': 10}","{'criterion': 'gini', 'max_depth': 5, 'min_samples_split': 4, 'n_estimators': 40}","{'criterion': 'entropy', 'max_depth': 5, 'min_samples_split': 4, 'n_estimators': 20}","{'criterion': 'entropy', 'max_depth': 4, 'min_samples_split': 4, 'n_estimators': 30}","{'criterion': 'gini', 'max_depth': 5, 'min_samples_split': 4, 'n_estimators': 10}"
